word,occurence
harry,1451
said,792
ron,427
the,392
hagrid,371
hermione,270
one,257
back,256
potter,228
got,225
could,200
get,193
like,191
know,188
they,186
see,178
professor,176
snape,169
looked,168
you,167
dumbledore,162
dudley,137
going,137
around,136
look,127
never,126
malfoy,126
something,125
think,124
time,123
what,122
right,120
uncle,120
yeh,119
and,117
neville,116
vernon,115
quirrell,113
but,109
would,108
well,108
door,106
two,105
eyes,104
even,103
head,100
mcgonagall,99
way,98
people,98
thought,97
come,97
looking,97
next,96
face,95
first,94
told,93
still,92
boy,88
stone,86
though,86
there,85
gryffindor,84
room,83
left,82
last,81
good,81
behind,79
house,78
ter,78
want,76
came,76
turned,76
hogwarts,75
heard,75
say,73
much,73
tell,72
little,72
seemed,72
let,72
yes,71
towards,71
really,71
went,70
long,70
great,69
found,69
suddenly,69
quidditch,68
anything,68
away,68
bit,67
hand,67
made,66
school,65
aunt,65
tried,64
knew,64
must,64
trying,64
three,64
saw,62
ever,62
she,61
take,61
dark,60
asked,60
took,60
yer,60
wand,60
day,59
voice,59
wood,59
put,58
cloak,58
old,58
nothing,57
petunia,57
inside,57
everyone,57
might,56
dursley,56
thing,56
keep,56
that,56
filch,55
open,55
make,54
things,54
front,54
find,54
seen,53
mirror,53
slytherin,52
large,52
pulled,52
another,51
ing,51
black,51
feet,51
all,50
night,50
dursleys,50
gone,50
floor,49
then,49
lot,49
hall,49
felt,49
this,48
done,48
mind,48
almost,48
started,48
magic,47
every,47
how,47
enough,47
end,47
hat,47
weasley,47
name,46
don,46
mrs,46
wanted,46
fell,46
walked,46
moment,46
saying,45
called,45
man,45
sat,45
air,45
stop,45
forest,44
past,44
second,44
quickly,44
course,44
table,44
wizard,44
letter,43
later,43
books,43
his,42
high,42
owl,42
read,42
sure,42
bed,42
now,42
without,41
always,41
already,41
points,41
when,39
fire,39
better,39
try,39
percy,39
nearly,38
anyone,38
across,38
caught,38
remember,38
life,38
kept,38
gave,37
else,37
new,37
stood,37
reached,37
full,36
quite,36
wall,36
voldemort,36
madam,36
father,36
side,36
stared,35
ground,35
place,35
hair,35
whispered,35
troll,35
whole,34
peeves,34
five,34
hands,34
mother,34
coming,34
train,34
broom,34
fred,34
standing,33
ask,33
top,33
give,33
dragon,33
four,32
small,32
outside,32
window,32
silver,32
mean,32
best,32
getting,32
yet,32
hear,32
flamel,32
half,31
morning,31
someone,31
ten,31
happened,31
along,31
white,31
not,31
book,30
work,30
minutes,30
sorry,30
nose,30
forward,30
year,30
anyway,30
lost,30
george,30
corridor,30
norbert,30
dog,29
big,29
everything,29
years,29
noticed,29
help,29
shouted,29
stopped,29
set,29
suppose,29
hard,29
gold,29
fer,29
funny,28
round,28
bad,28
taken,28
gringotts,28
many,28
students,28
hundred,28
platform,28
team,28
who,27
light,27
straight,27
move,27
green,27
letters,27
nine,27
snapped,26
granger,26
sir,26
sitting,26
why,26
robes,26
able,26
family,26
glass,26
talking,26
need,26
broomstick,26
library,25
sight,25
heart,25
use,25
cold,25
holding,25
red,25
trouble,25
where,25
sort,25
philosopher,24
parents,24
corner,24
cat,24
except,24
passed,24
words,24
nice,24
catch,24
world,24
giant,24
rest,24
began,24
stay,24
note,24
match,24
goyle,24
fluffy,24
christmas,24
muggle,23
car,23
moved,23
finally,23
since,23
week,23
common,23
staring,23
rather,23
famous,23
arms,23
feeling,23
just,23
either,23
shut,23
empty,23
twins,23
charlie,23
cup,22
strange,22
hardly,22
reason,22
owls,22
dead,22
far,22
exactly,22
believe,22
answer,22
can,22
noise,22
are,22
fat,22
hope,22
seven,22
unicorn,22
send,22
blood,22
castle,22
wizards,21
smiling,21
kill,21
street,21
for,21
watched,21
pointed,21
legs,21
muttered,21
held,21
knows,21
mouth,21
yeah,21
cupboard,21
feel,21
horrible,21
faces,21
dropped,21
pale,21
crabbe,21
flitwick,21
drive,20
together,20
gasped,20
huge,20
fast,20
slowly,20
class,20
ceiling,20
speak,20
making,20
mum,20
please,20
idea,20
followed,20
seamus,20
ronan,20
times,19
allowed,19
met,19
stupid,19
close,19
however,19
muggles,19
after,19
maybe,19
asleep,19
watching,19
spoke,19
heads,19
turn,19
talk,19
opened,19
stand,19
arm,19
game,19
mad,19
leave,19
alone,19
given,19
raised,19
managed,19
ran,19
wait,19
potions,19
forget,19
trapdoor,19
quaffle,19
firenze,19
diagon,18
chamber,18
neck,18
usual,18
wearing,18
different,18
knocked,18
dear,18
loudly,18
word,18
perhaps,18
wrong,18
midnight,18
woman,18
watch,18
pointing,18
sound,18
taking,18
stepped,18
shook,18
money,18
somewhere,18
snake,18
run,18
brought,18
hut,18
pleased,18
follow,18
thousand,18
cauldron,18
you.,18
play,18
hufflepuff,18
ollivander,18
snitch,18
alley,17
london,17
chapter,17
number,17
arrived,17
sign,17
home,17
realised,17
you-know-who,17
lay,17
sleep,17
pocket,17
twelve,17
threw,17
call,17
lucky,17
died,17
telling,17
seat,17
pain,17
it.,17
listen,17
safe,17
first-years,17
nicolas,17
sent,17
bane,17
fang,17
third,16
paper,16
learn,16
privet,16
also,16
picked,16
walls,16
thinking,16
supposed,16
forgotten,16
clock,16
seem,16
tonight,16
tea,16
waiting,16
pair,16
near,16
bright,16
bet,16
understand,16
ready,16
scar,16
showed,16
used,16
boys,16
leg,16
chocolate,16
keeper,16
teachers,16
dad,16
pushed,16
hallowe,16
crowd,16
meet,16
became,16
ahead,16
pitch,16
secret,15
guarding,15
albus,15
wondered,15
twice,15
yelled,15
afternoon,15
seconds,15
today,15
instead,15
angry,15
turning,15
glasses,15
eleven,15
silence,15
start,15
piers,15
doors,15
forbidden,15
thanks,15
breath,15
keys,15
toad,15
climbed,15
others,15
nimbus,15
trees,15
sorting,15
killed,14
lose,14
miss,14
lived,14
sister,14
fingers,14
hurried,14
tiny,14
evening,14
stuff,14
lamp,14
disappeared,14
pomfrey,14
liked,14
shoulder,14
low,14
bent,14
swung,14
kitchen,14
thick,14
hour,14
terrible,14
matter,14
worse,14
leapt,14
shop,14
friends,14
jumped,14
nearer,14
grounds,14
loud,14
spell,14
flew,14
nervous,14
sudden,14
three-quarters,14
scabbers,14
ghost,14
ages,14
portrait,14
tree,14
hurt,14
flint,14
erised,14
invisibility,14
your,13
expect,13
thin,13
several,13
fact,13
sky,13
soon,13
obviously,13
seized,13
point,13
wide,13
smile,13
happy,13
middle,13
flying,13
direction,13
apart,13
their,13
nasty,13
upstairs,13
appeared,13
tail,13
true,13
wild,13
carefully,13
ago,13
pink,13
ball,13
playing,13
walking,13
questions,13
quiet,13
case,13
hit,13
body,13
bin,13
screamed,13
running,13
post,13
shaking,13
deep,13
six,13
package,13
box,13
quietly,13
expelled,13
dragons,13
smiled,13
free,13
pile,13
brooms,13
says,13
show,13
added,13
hedwig,13
gryffindors,13
lessons,13
turban,13
norris,13
seeker,13
fifty,13
curse,12
somehow,12
magical,12
friend,12
hold,12
potters,12
story,12
important,12
walk,12
buy,12
finished,12
pull,12
explain,12
expected,12
dare,12
tall,12
beard,12
blue,12
broken,12
real,12
odd,12
late,12
live,12
written,12
forehead,12
birthday,12
knees,12
difficult,12
grabbed,12
easy,12
hurry,12
out,12
closer,12
days,12
leaving,12
smell,12
heavy,12
line,12
lying,12
with,12
journey,12
witch,12
scared,12
wands,12
hole,12
worry,12
row,12
hanging,12
key,12
griphook,12
leant,12
hung,12
leaves,12
weasleys,12
ears,12
path,12
teacher,12
eye,12
hooch,12
staircase,12
break,12
tower,12
crate,12
bludgers,12
chess,12
baby,11
may,11
alive,11
underneath,11
quick,11
although,11
spent,11
possible,11
grey,11
none,11
hoping,11
edge,11
probably,11
changed,11
spotted,11
hundreds,11
nervously,11
decided,11
me.,11
crept,11
purple,11
busy,11
sharp,11
only,11
shot,11
broke,11
cried,11
known,11
landed,11
minute,11
usually,11
rose,11
rolled,11
racing,11
listening,11
locked,11
families,11
fall,11
shock,11
food,11
very,11
nobody,11
glad,11
burst,11
stick,11
foot,11
clearly,11
earth,11
rock,11
boat,11
chance,11
steal,11
bottle,11
touch,11
girl,11
anythin,11
goblin,11
ones,11
inches,11
clapped,11
goes,11
jordan,11
brothers,11
card,11
master,11
classroom,11
duel,11
through,11
ordinary,10
win,10
fear,10
woke,10
chair,10
realise,10
jerked,10
young,10
opposite,10
worried,10
learnt,10
whether,10
slipped,10
sit,10
careful,10
nodded,10
size,10
cut,10
furiously,10
step,10
luck,10
happen,10
knowing,10
pulling,10
stairs,10
hidden,10
unless,10
crash,10
egg,10
horror,10
lady,10
reminded,10
relief,10
surprise,10
bought,10
entrance,10
windows,10
death,10
waved,10
coat,10
smeltings,10
carried,10
breakfast,10
mistake,10
eat,10
wondering,10
tomorrow,10
storm,10
agreed,10
sofa,10
did,10
wonder,10
sounded,10
indeed,10
outta,10
job,10
powerful,10
remembered,10
umbrella,10
die,10
lock,10
station,10
ticket,10
leaky,10
interesting,10
cross,10
lee,10
prefect,10
ravenclaw,10
draco,10
lesson,10
save,10
plant,10
dangerous,9
list,9
dunno,9
normal,9
son,9
keeping,9
noticing,9
single,9
whatever,9
news,9
stars,9
carrying,9
kind,9
least,9
gets,9
about,9
neither,9
bowed,9
power,9
golden,9
now.,9
sweets,9
wake,9
business,9
balls,9
silent,9
weeks,9
dream,9
television,9
hated,9
question,9
needed,9
pig,9
presents,9
parcel,9
change,9
cry,9
laughed,9
brown,9
wind,9
fly,9
starting,9
slid,9
holidays,9
wandering,9
flat,9
water,9
envelope,9
bill,9
parchment,9
fight,9
ear,9
following,9
working,9
meant,9
pieces,9
knock,9
drink,9
twin,9
drew,9
jus,9
teeth,9
on.,9
afraid,9
some,9
have,9
giving,9
steps,9
stuck,9
facing,9
potion,9
vault,9
narrow,9
brother,9
king,9
trunk,9
compartment,9
hang,9
eating,9
footsteps,9
joined,9
dormitory,9
lead,9
bloody,9
baron,9
invisible,9
slytherins,9
clearing,9
stands,9
bludger,9
norwegian,9
ridgeback,9
exams,9
means,8
hissed,8
thank,8
throwing,8
shake,8
clothes,8
couple,8
sped,8
bag,8
lots,8
mention,8
spot,8
living-room,8
whisper,8
lips,8
while,8
awake,8
tight,8
notice,8
seems,8
certainly,8
care,8
person,8
them.,8
less,8
swallowed,8
motorbike,8
simply,8
poor,8
hours,8
lit,8
often,8
asking,8
wants,8
worth,8
figg,8
snarled,8
crying,8
warning,8
force,8
jumper,8
become,8
jump,8
wished,8
sometimes,8
rushed,8
summer,8
toilet,8
cake,8
notes,8
trembling,8
sighed,8
piece,8
damp,8
halfway,8
fun,8
sea,8
led,8
wooden,8
twenty,8
knocking,8
breaking,8
pockets,8
interested,8
wanting,8
faded,8
witches,8
some-,8
teach,8
bottom,8
looks,8
arts,8
brilliant,8
twisted,8
marble,8
hate,8
stool,8
excuse,8
wing,8
nostrils,8
laughing,8
loads,8
frogs,8
grass,8
corridors,8
longbottom,8
dean,8
remembrall,8
branches,8
rules,8
reflection,8
knight,8
shows,8
figure,8
wizarding,7
ghosts,7
wizardry,7
spells,7
useful,7
anywhere,7
road,7
dressed,7
harder,7
angrily,7
clutching,7
grunted,7
stranger,7
was,7
yesterday,7
shocked,7
sharply,7
peered,7
showing,7
slammed,7
swooped,7
silently,7
chuckled,7
clicked,7
darkness,7
here.,7
fine,7
sounding,7
pressed,7
lily,7
know.,7
moving,7
surprised,7
him.,7
trust,7
shoulders,7
kicked,7
shall,7
special,7
bottles,7
vanishing,7
bacon,7
entered,7
suggested,7
zoo,7
once,7
saturday,7
wrapped,7
visit,7
waited,7
safely,7
flash,7
crossed,7
uniform,7
sticks,7
tears,7
noses,7
handed,7
ignored,7
touched,7
go.,7
stayed,7
ways,7
worked,7
passing,7
cheer,7
clean,7
easily,7
strode,7
slightly,7
filled,7
hot,7
shadows,7
growled,7
eagerly,7
reckon,7
rubbish,7
evil,7
truth,7
ministry,7
seats,7
broomsticks,7
shops,7
peering,7
welcome,7
solid,7
quills,7
warned,7
finding,7
lake,7
thirteen,7
malkin,7
houses,7
study,7
thousands,7
piled,7
excellent,7
feather,7
higher,7
sparks,7
curious,7
muttering,7
thinks,7
trolley,7
guard,7
desperate,7
packed,7
marched,7
there.,7
waving,7
wish,7
brave,7
frog,7
particularly,7
practice,7
players,7
boats,7
passageway,7
mid-air,7
tables,7
finnigan,7
girls,7
properly,7
nicholas,7
covered,7
armour,7
dungeons,7
charms,7
sprang,7
snout,7
attention,7
chasers,7
club,7
feast,7
binoculars,7
chessmen,7
centaur,7
enchantments,6
adventure,6
rowling,6
reading,6
james,6
order,6
phoenix,6
names,6
friendly,6
pay,6
which,6
proud,6
mysterious,6
drills,6
moustache,6
garden,6
happily,6
goodbye,6
drove,6
cats,6
excitedly,6
older,6
overhead,6
telephone,6
split,6
everywhere,6
grin,6
cleared,6
age,6
fixed,6
nearest,6
beneath,6
repeated,6
these,6
hiding,6
grew,6
blankets,6
relieved,6
sir.,6
perfect,6
underground,6
join,6
jacket,6
blew,6
murmured,6
computer,6
favourite,6
rule,6
difference,6
plates,6
then.,6
rang,6
tired,6
short,6
hide,6
moaned,6
imagine,6
everybody,6
training,6
laugh,6
skin,6
harry.,6
joke,6
writing,6
grab,6
tap,6
furious,6
stomach,6
crack,6
should,6
shelves,6
from,6
stretched,6
thrown,6
darkly,6
fighting,6
up.,6
pack,6
speeding,6
howling,6
lumpy,6
wrist,6
doorway,6
terrified,6
summat,6
sausages,6
wonderful,6
any-,6
gettin,6
abou,6
term,6
cart,6
nah,6
cause,6
courage,6
breathing,6
vol–,6
human,6
somethin,6
him,6
football,6
needs,6
gamekeeper,6
that.,6
knuts,6
goblins,6
clear,6
speed,6
clambered,6
history,6
barrier,6
before,6
delighted,6
soft,6
scarlet,6
smoke,6
pinned,6
hospital,6
platforms,6
board,6
youngest,6
panted,6
floating,6
prefects,6
hey,6
every-flavour,6
beans,6
cakes,6
stunned,6
extra,6
lurking,6
firs,6
losing,6
mountain,6
return,6
cheers,6
laughter,6
patil,6
headless,6
fallen,6
changing,6
rid,6
dinner,6
handle,6
dived,6
trophy,6
moonlight,6
speaking,6
dragged,6
three-headed,6
hoops,6
goalposts,6
self,6
view,6
flames,6
restricted,6
flute,6
all.,6
exam,6
lord,5
finds,5
headed,5
missing,5
woken,5
titles,5
part,5
britain,5
mixed,5
squashy,5
counted,5
involved,5
opinion,5
greatest,5
bear,5
eight,5
blinked,5
town,5
strangely,5
nerve,5
struck,5
office,5
swooping,5
daylight,5
unusual,5
upset,5
stare,5
celebrating,5
imagining,5
birds,5
shooting,5
tonight.,5
throat,5
mumbled,5
bedroom,5
twitched,5
boots,5
lights,5
completely,5
gently,5
sherbet,5
lemon,5
proper,5
planets,5
places,5
bring,5
bringing,5
bundle,5
curiously,5
lightning,5
bike,5
wiping,5
neat,5
closed,5
meeting,5
voices,5
sun,5
brass,5
photographs,5
groaned,5
wore,5
barked,5
newspaper,5
eggs,5
marge,5
mummy,5
danger,5
thirty,5
bars,5
rat,5
putting,5
bald,5
fitted,5
gang,5
complained,5
ate,5
slithering,5
bits,5
tapped,5
winked,5
boa,5
constrictor,5
leaning,5
vanished,5
worst,5
collapsed,5
practise,5
ickle,5
yellow,5
ill,5
mine,5
faster,5
faint,5
didn,5
forced,5
sick,5
purpose,5
explained,5
minds,5
badly,5
hungry,5
clapping,5
shivered,5
out-,5
right.,5
hogwarts.,5
enormous,5
warmth,5
nothin,5
panic,5
sank,5
lower,5
witchcraft,5
exploded,5
horse,5
roll,5
shrieked,5
blown,5
kid,5
blimey,5
mark,5
weak,5
carry,5
beaming,5
fool,5
temper,5
scrambled,5
coins,5
bronze,5
rob,5
miles,5
music,5
halt,5
back.,5
excitement,5
grinned,5
leading,5
chest,5
hurtled,5
helped,5
fangs,5
bell,5
oak,5
tightly,5
out.,5
happens,5
plastic,5
ginny,5
gran,5
us.,5
whistle,5
captain,5
afford,5
impressed,5
mars,5
unwrapped,5
share,5
cards,5
becoming,5
yell,5
bewitched,5
-years,5
classes,5
anxiously,5
glittering,5
pretty,5
teams,5
barely,5
roast,5
winning,5
warm,5
contact,5
bellowed,5
lines,5
herbology,5
desk,5
believed,5
homework,5
tut,5
crossbow,5
had,5
dive,5
oliver,5
severus,5
throw,5
this.,5
sprinted,5
ropes,5
score,5
wings,5
him-,5
hurrying,5
saved,5
chaser,5
marcus,5
possession,5
towering,5
section,5
elixir,5
werewolf,5
calm,5
revision,5
detention,5
lies,5
devil,5
snare,5
three-,4
astonishing,4
powers,4
uses,4
goblet,4
pottermore,4
record,4
compared,4
doormat,4
magic.,4
somewhere.,4
st–,4
perfectly,4
nonsense,4
somebody,4
suggest,4
cheek,4
missed,4
peculiar,4
map,4
tabby,4
cloaks,4
mood,4
flooded,4
blame,4
stumbled,4
complete,4
rattled,4
hoped,4
stern,4
problems,4
report,4
sleeping,4
weather,4
rain,4
early,4
casually,4
statue,4
sparkling,4
pop,4
shape,4
her,4
sniffed,4
bound,4
dedalus,4
diggle,4
sideways,4
sweet,4
coldly,4
frightened,4
piercing,4
plain,4
heavily,4
guess,4
pretend,4
lent,4
bolt,4
knee,4
sobbed,4
shone,4
staying,4
sleeve,4
nodding,4
orange,4
beside,4
hats,4
fair,4
socks,4
meanwhile,4
unwrap,4
sixteen,4
hamburger,4
smelled,4
owned,4
ought,4
snowy,4
frantically,4
pretending,4
aside,4
honestly,4
grown,4
punished,4
roof,4
received,4
complain,4
crashed,4
crowded,4
finish,4
sorts,4
ous,4
budge,4
shuffled,4
shout,4
hissing,4
brandy,4
wishing,4
sneaking,4
burning,4
younger,4
dreamed,4
merrily,4
september,4
stonewall,4
dirty,4
bowl,4
argue,4
dodged,4
rude,4
addressed,4
ink,4
stamp,4
ripped,4
glancing,4
clutched,4
goodness,4
roared,4
necks,4
quivering,4
possibly,4
wildly,4
shiny,4
squeezed,4
shortly,4
trip,4
cage,4
downstairs,4
smallest,4
confused,4
plan,4
lap,4
friday,4
fewer,4
sides,4
amazement,4
spread,4
sheets,4
toast,4
beat,4
perched,4
bobbing,4
icy,4
whipped,4
strongly,4
cheer-,4
fully,4
fierce,4
crunching,4
warn,4
glinting,4
squeaked,4
overcoat,4
gives,4
thundered,4
anger,4
marks,4
braver,4
rage,4
headmaster,4
decide,4
quill,4
folk,4
rats,4
knowin,4
myst,4
lookin,4
makes,4
kick,4
poking,4
tapping,4
fluttered,4
school.,4
shame,4
manage,4
fudge,4
transfiguration,4
herbs,4
fungi,4
drinking,4
pipe,4
barman,4
against,4
archway,4
brightly,4
cauldrons,4
plump,4
bat,4
floors,4
counter,4
flaming,4
impossible,4
rattling,4
deeper,4
gon,4
blinking,4
galleons,4
hullo,4
lives,4
ends,4
one.,4
mixture,4
rustling,4
beautiful,4
those,4
silvery,4
reflected,4
softly,4
foolish,4
snatched,4
packages,4
bite,4
lift,4
excited,4
dry,4
freckles,4
ron.,4
control,4
trunks,4
search,4
hairy,4
black-haired,4
rounded,4
flashed,4
flick,4
bertie,4
bott,4
pumpkin,4
sandwiches,4
amazed,4
tore,4
century,4
slytherin.,4
romania,4
studying,4
mentioned,4
recognised,4
interest,4
extremely,4
eaten,4
among,4
glared,4
nerves,4
gliding,4
banquet,4
sorted,4
forgive,4
friar,4
answered,4
rabbit,4
hufflepuffs,4
learning,4
will,4
unpleasant,4
chosen,4
doubt,4
plate,4
peas,4
delicious,4
nick,4
offered,4
deeply,4
third-floor,4
serious,4
our,4
armchairs,4
spiral,4
curtains,4
struggled,4
pass,4
drop,4
threatening,4
movements,4
sprout,4
taught,4
toppled,4
rare,4
owlery,4
pairs,4
idiot,4
gryffindor.,4
emptied,4
quicker,4
sticking,4
streaked,4
fault,4
dreams,4
player,4
dressing-gown,4
something.,4
squinting,4
petrified,4
suit,4
backwards,4
flushed,4
obvious,4
wherever,4
protect,4
fluttering,4
months,4
dying,4
toilets,4
immediately,4
foul,4
hearts,4
desperately,4
bursting,4
lie,4
unfortunately,4
ajar,4
angelina,4
johnson,4
blocked,4
cheering,4
roughly,4
recent,4
wine,4
suspected,4
wards,4
distant,4
hooded,4
breathe,4
cover,4
centaurs,4
cursed,4
queen,4
award,4
escaping,3
sunday,3
form,3
children,3
surprises,3
available,3
series,3
secrets,3
ancient,3
published,3
1997,3
square,3
copyright,3
council,3
fsc,3
group,3
stories,3
loved,3
error,3
line16,3
picture,3
selves,3
ch14,3
spying,3
pretended,3
shuddered,3
child,3
tuesday,3
starts,3
country,3
hummed,3
boring,3
screaming,3
kiss,3
tantrum,3
backed,3
trick,3
driven,3
traffic,3
jam,3
emerald-green,3
silly,3
concentrate,3
most,3
eyed,3
whispering,3
dashed,3
stroked,3
worrying,3
building,3
violet,3
hugged,3
markings,3
determined,3
wife,3
ner,3
normally,3
behaving,3
acting,3
promised,3
wet,3
armchair,3
lately,3
dared,3
horribly,3
subject,3
quiver,3
half-moon,3
flicked,3
put-outer,3
dis-,3
happening,3
seeing,3
emerald,3
drawn,3
ruffled,3
brick,3
dozen,3
impatiently,3
irritably,3
glance,3
you-,3
surely,3
calmly,3
trembled,3
handkerchief,3
examined,3
sense,3
jumping,3
firmly,3
wise,3
rumbling,3
roar,3
bushy,3
dustbin,3
leather,3
vast,3
borrowed,3
climbing,3
destroyed,3
shaped,3
sad,3
grip,3
patting,3
laid,3
tucked,3
muffled,3
engine,3
swish,3
slept,3
scream,3
cousin,3
longer,3
blond,3
demanded,3
living,3
smaller,3
wear,3
bigger,3
knobbly,3
counting,3
present,3
cine-camera,3
leap,3
holiday,3
blow,3
wailed,3
backs,3
problem,3
ber,3
kitchens,3
chasing,3
bank,3
roaring,3
gigantic,3
ideas,3
ice,3
licking,3
bored,3
hitting,3
lunch,3
reptile,3
cool,3
ordered,3
tank,3
brazil,3
deafening,3
ribs,3
swiftly,3
strong,3
bitten,3
risk,3
strained,3
buying,3
shaken,3
escape,3
visited,3
biggest,3
sport,3
july,3
gruffly,3
metal,3
letter-box,3
dudley.,3
postcard,3
belong,3
yellowish,3
address,3
lion,3
eagle,3
within,3
reach,3
croaked,3
keyhole,3
dangling,3
ignore,3
painful,3
shelf,3
bitterly,3
stole,3
tearing,3
deliver,3
fireplace,3
waist,3
wrenched,3
mutter,3
hotel,3
field,3
monday,3
wicked,3
freezing,3
slipping,3
sliding,3
whistled,3
rooms,3
reaching,3
cannon,3
pause,3
frame,3
lump,3
las,3
mighta,3
meself,3
rubeus,3
rubbing,3
flickering,3
sunk,3
copper,3
kettle,3
teapot,3
sausage,3
wiped,3
shrank,3
bewildered,3
forbid,3
equipment,3
reminds,3
beak,3
swore,3
everythin,3
incredible,3
sayin,3
takin,3
village,3
sadly,3
ruined,3
glaring,3
fists,3
battered,3
failed,3
too,3
goin,3
stumped,3
grateful,3
swishing,3
trousers,3
do.,3
eyebrows,3
keen,3
sunlight,3
balloon,3
wave,3
humbugs,3
bags,3
sleepily,3
mess,3
proudly,3
guardin,3
vaults,3
daily,3
prophet,3
askin,3
folded,3
fantastic,3
beasts,3
pewter,3
scales,3
slow,3
nowhere,3
buried,3
sold,3
women,3
soul,3
puffing,3
realising,3
scraping,3
chairs,3
doris,3
crockford,3
remembers,3
twitching,3
vampires,3
babble,3
first-,3
first.,3
apothecary,3
sickles,3
screech,3
moon,3
towered,3
clever,3
enter,3
earn,3
weighing,3
stones,3
closely,3
handing,3
sloped,3
tracks,3
difficulty,3
fork,3
passage,3
plunged,3
cost,3
colder,3
grubby,3
robe,3
liking,3
tries,3
setting,3
bed.,3
sneer,3
cheered,3
colour,3
played,3
silk,3
enemies,3
ingredients,3
ers,3
animal,3
ollivanders,3
spindly,3
strict,3
gloom,3
potter.,3
charm,3
favoured,3
misty,3
finger,3
gripped,3
tape,3
measure,3
feathers,3
unicorns,3
results,3
crumpled,3
tricky,3
spots,3
whose,3
paid,3
month,3
mice,3
ticked,3
ruddy,3
talked,3
pushing,3
oldest,3
dear.,3
joking,3
jostled,3
wound,3
sigh,3
poked,3
sweaty,3
mum.,3
badge,3
you-know-,3
gathered,3
glanced,3
blurted,3
moments,3
gloomy,3
deal,3
fields,3
pasties,3
pasty,3
collect,3
modern,3
alchemy,3
partner,3
flavour,3
bean,3
miserably,3
bothered,3
toadless,3
simple,3
rise,3
events,3
sounds,3
flopped,3
both,3
coolly,3
disap-,3
mountains,3
echoed,3
beamed,3
steep,3
bend,3
fleet,3
smooth,3
cliff,3
under-,3
trevor,3
shadow,3
fist,3
begin,3
ceremony,3
awarded,3
whichever,3
test,3
glided,3
ruff,3
returned,3
double,3
candles,3
upwards,3
heavens,3
sing,3
daring,3
song,3
wrestling,3
hannah,3
definitely,3
earlier,3
potatoes,3
chicken,3
interrupted,3
chat,3
championship,3
puddings,3
treacle,3
algie,3
ankles,3
sleepy,3
ouch,3
look-,3
snape.,3
start-of-term,3
frowning,3
smiles,3
pick,3
singing,3
yawning,3
dropping,3
coats,3
here,3
password,3
sweeping,3
chalk,3
wheezing,3
wednesday,3
binns,3
defence,3
fought,3
stuffed,3
effort,3
powdered,3
curled,3
bezoar,3
stretching,3
dungeon,3
over,3
boils,3
clouds,3
add,3
struggling,3
break-in,3
refuse,3
turns,3
distance,3
broom-,3
rows,3
rising,3
sooner,3
parvati,3
trouble.,3
cursing,3
delight,3
pie,3
away.,3
off.,3
please.,3
nightmare,3
space,3
mistaking,3
growls,3
cared,3
sixty,3
confusion,3
stolen,3
good.,3
bolted,3
jet,3
beaters,3
jaws,3
fourth,3
seekers,3
movement,3
skywards,3
wingardium,3
leviosa,3
slumped,3
lip,3
choice,3
its,3
shouting,3
rear,3
staff,3
anything.,3
strength,3
banner,3
drawing,3
men,3
refereeing,3
fifteen,3
spinnet,3
pucey,3
raising,3
penalty,3
frightening,3
sobbing,3
snow,3
battle,3
family.,3
pince,3
belonged,3
torn,3
gleaming,3
turkey,3
recognise,3
ronald,3
pillow,3
referee,3
choked,3
dashing,3
pure,3
much.,3
choose,3
beast,3
relax,3
fluffy.,3
die.,3
tallest,3
love,3
hoarse,3
astronomy,3
especially,3
lowered,3
humans,3
bishop,3
squares,3
mercy,3
poison,3
logic,3
stone.,3
bravery,3
seize,3
points.,3
unbearable,2
sinister,2
valuable,2
...,2
has,2
classic,2
complex,2
jokes,2
prisoner,2
azkaban,2
prince,2
welsh,2
greek,2
otherwise,2
bloomsbury,2
plc,2
characters,2
related,2
author,2
printed,2
stewardship,2
holds,2
sgs-coc-2061,2
sources,2
forests,2
corrections,2
epub,2
print,2
corrected,2
ch6,2
p77,2
ch9,2
ch12,2
ch13,2
nag.,2
try-,2
p169,2
ch17,2
acci-,2
spreading,2
director,2
firm,2
grunnings,2
blonde,2
craning,2
neighbours,2
finer,2
mixing,2
dull,2
cloudy,2
hap-,2
tawny,2
flutter,2
tyke,2
chortled,2
fashion,2
steering,2
huddle,2
weirdos,2
collecting,2
park,2
broad,2
calls,2
lunch-time,2
bun,2
baker,2
uneasy,2
disturb,2
nephew,2
contrary,2
passers-by,2
rooted,2
imagination,2
improve,2
din-,2
shan,2
nation,2
unusually,2
unable,2
jim,2
oddly,2
kent,2
yorkshire,2
promise,2
frozen,2
cups,2
stiffly,2
sinking,2
comforting,2
yawned,2
unblinkingly,2
popped,2
narrowed,2
swept,2
spectacles,2
crooked,2
rummaging,2
amuse,2
lighter,2
flickered,2
stiff,2
feasts,2
parties,2
precious,2
celebrate,2
downright,2
careless,2
streets,2
know-who,2
fond,2
of.,2
lemons,2
persuade,2
voldemort.,2
confusing,2
noble,2
blushed,2
rumours,2
anxious,2
choosing,2
dead.,2
patted,2
heaven,2
sniff,2
numbers,2
letter.,2
faintly,2
future,2
seriously,2
impor-,2
tant,2
swelled,2
hid,2
visible,2
ever.,2
couldn,2
scars,2
shaggy,2
handker-,2
chief,2
doorstep,2
twinkling,2
streaming,2
glowed,2
heel,2
breeze,2
tidy,2
spend,2
prodded,2
hushed,2
kissed,2
rapped,2
screeched,2
frying,2
spiders,2
exercise,2
punching,2
skinny,2
appearance,2
smoothly,2
wig,2
year.,2
remote-control,2
aeroplane,2
games,2
video,2
ripping,2
paws,2
hates,2
boy.,2
slug,2
hopefully,2
screwed,2
spoil,2
t-t-to,2
gap,2
polkiss,2
scrawny,2
fringe,2
baggy,2
sellotaped,2
revolting,2
fit,2
wash,2
chimney,2
headmistress,2
subjects,2
motorbikes,2
remembering,2
sniggered,2
sunny,2
ice-creams,2
scratch-,2
animals,2
glory,2
crawling,2
knuckles,2
company,2
hammering,2
level,2
plainly,2
time.,2
vigorously,2
jabbed,2
won,2
howls,2
sworn,2
snap,2
miserable,2
memory,2
blinding,2
unknown,2
strangers,2
shopping,2
actually,2
vanish,2
punishment,2
ray,2
sick.,2
tasted,2
maroon,2
knickerbockers,2
handsome,2
cracked,2
tub,2
sink,2
swimming,2
tightened,2
wrinkled,2
banged,2
checking,2
snorted,2
disgust,2
flipped,2
informed,2
unfolding,2
sneered,2
porridge,2
choking,2
stuffing,2
slamming,2
write,2
shoes,2
toys,2
swapped,2
other,2
banging,2
straightened,2
gasping,2
fail,2
alarm,2
trodden,2
mouthful,2
nails,2
cracks,2
tiptoe,2
noises,2
marmalade,2
pelting,2
ducked,2
bouncing,2
sports,2
whenever,2
blowing,2
shared,2
beds,2
window-sill,2
owner,2
timidly,2
count,2
shack,2
kindly,2
rations,2
spray,2
broken-down,2
crisp,2
shrivelled,2
privately,2
mouldy,2
comfortable,2
hunger,2
drowned,2
rolls,2
lighted,2
boom,2
upright,2
stupidly,2
armed,2
smash,2
mane,2
tangled,2
crouching,2
shadowy,2
beetle,2
entering,2
mouse,2
taste,2
sticky,2
introduced,2
grate,2
ets,2
sagged,2
poker,2
chipped,2
burnt,2
are.,2
gulp,2
course.,2
gasp,2
wizard.,2
whistling,2
merlin,2
international,2
begins,2
await,2
tongue,2
clamped,2
mar-,2
scuttled,2
urgently,2
does.,2
gulped,2
followers,2
nicer,2
killin,2
touches,2
bones,2
orders,2
clenched,2
accept,2
beating,2
flattened,2
codswallop,2
blazing,2
warty,2
toads,2
chased,2
dreading,2
ridiculous,2
grow,2
haven,2
born,2
whirled,2
squeal,2
dancing,2
clasped,2
cast,2
reasons,2
dumbledore.,2
pockets.,2
news-,2
attack,2
fiercely,2
mint,2
handful,2
safest,2
pposed,2
yeh.,2
eager,2
land,2
page,2
main,2
harbour,2
first-year,2
gloves,2
pupils,2
copy,2
standard,2
guide,2
emeric,2
them,2
crystal,2
telescope,2
aloud,2
escalator,2
lined,2
parted,2
piles,2
were,2
place.,2
pub,2
shabby,2
walnut,2
chatter,2
buckle,2
bless,2
bar,2
p-p-potter,2
stammered,2
courtyard,2
quivered,2
wriggled,2
wider,2
stack,2
self-stirring,2
collapsible,2
liver,2
ounce,2
eeylops,2
emporium,2
barn,2
fastest,2
selling,2
telescopes,2
stacked,2
barrels,2
upon,2
greed,2
seek,2
treasure,2
stools,2
safe.,2
emptying,2
glowing,2
importantly,2
crammed,2
trusted,2
more,2
torches,2
downwards,2
twisting,2
stalagmite,2
seventeen,2
sickle,2
gathering,2
melted,2
trapped,2
check,2
security,2
expecting,2
pound,2
occasions,2
fact.,2
footstool,2
pin,2
length,2
drawling,2
drag,2
crime,2
grinning,2
servant,2
drunk,2
slight,2
mean.,2
hopped,2
wrote,2
follows,2
sorta,2
postage,2
covers,2
curses,2
latest,2
jars,2
dried,2
roots,2
feath-,2
claws,2
horns,2
checked,2
present.,2
jewel-bright,2
wand.,2
peeling,2
dusty,2
depths,2
occurred,2
boxes,2
neatly,2
prickled,2
shining,2
moons,2
blink,2
creepy,2
mahogany,2
chooses,2
yew,2
shuffling,2
see.,2
measured,2
elbow,2
substance,2
hairs,2
heap,2
happier,2
holly,2
stream,2
laden,2
yerself,2
any,2
acted,2
three-quarters.,2
barking,2
wiz-,2
ard,2
paced,2
wheeled,2
tion,2
attract,2
stu-,2
each,2
briskly,2
too.,2
express,2
quarters,2
drifted,2
hooted,2
disgruntled,2
round-faced,2
again.,2
lifted,2
raise,2
painfully,2
red-haired,2
mere,2
am.,2
jerk,2
striding,2
polite,2
introduce,2
bye,2
else.,2
wow,2
already.,2
tipped,2
start-,2
agrippa,2
currently,2
defeat,2
grindelwald,2
1945,2
discovery,2
enjoys,2
morgana,2
weird,2
sidled,2
reckons,2
once.,2
coconut,2
nibble,2
countryside,2
keeps,2
talk.,2
bossy,2
twentieth,2
settling,2
whiskers,2
explaining,2
shown,2
malfoy.,2
bravely,2
picking,2
peared,2
side.,2
scowling,2
jackets,2
slowed,2
towers,2
sailed,2
flight,2
magnificent,2
outstanding,2
waiting.,2
flatten,2
joking.,2
jolt,2
streamed,2
arguing,2
floated,2
imagined,2
splendid,2
dotted,2
mainly,2
rip,2
sleek,2
cap,2
dwell,2
applause,2
troll.,2
susan,2
boot,2
terry,2
ravenclaws,2
lavender,2
sandy-haired,2
jammed,2
jog,2
parkinson,2
whispers,2
fires,2
shakily,2
loudest,2
bucket,2
uncertainly,2
genius,2
chops,2
steak,2
boiled,2
pudding,2
gravy,2
ketchup,2
coughed,2
blank,2
trifle,2
tart,2
til,2
great-uncle,2
matches,2
needles,2
greasy,2
feel-,2
ahem,2
fed,2
well.,2
caretaker,2
corri-,2
dors,2
bounds,2
least.,2
snake-like,2
tune,2
bare,2
brains,2
crowds,2
portraits,2
staircases,2
firsties,2
zooming,2
reveal,2
cosy,2
pyjamas,2
heavier,2
look.,2
classrooms,2
waste-paper,2
creature,2
bulging,2
lamp-like,2
passageways,2
ambition,2
scribbled,2
dates,2
register,2
squeak,2
messing,2
complicated,2
garlic,2
zombie,2
insisted,2
wher-,2
sugar,2
circling,2
untidy,2
paused,2
calling,2
gift,2
creep,2
bewitching,2
senses,2
fame,2
speech,2
proving,2
root,2
asphodel,2
infusion,2
wormwood,2
faintest,2
monkshood,2
copying,2
continued,2
spat,2
push,2
spirits,2
boarhound,2
boiling,2
massive,2
letting,2
bounded,2
enjoying,2
git,2
puts,2
continue,2
searched,2
date,2
thursday,2
con-,2
thomas,2
exciting,2
west,2
ham,2
accidents,2
professor.,2
hawk,2
twigs,2
angles,2
mount,2
steady,2
forwards,2
falling,2
slip,2
wham,2
thud,2
earshot,2
darting,2
glittered,2
nastily,2
pounding,2
soared,2
rush,2
joy,2
screams,2
gasps,2
admiring,2
speechless,2
lasted,2
packing,2
fifth-year,2
expression,2
absolutely,2
natural,2
clue,2
say.,2
wheeling,2
damage,2
peace,2
advice,2
block,2
dressing-gowns,2
hunched,2
interfering,2
your-,2
night-time,2
late.,2
not.,2
breathed,2
minute.,2
scrambling,2
bogies,2
flitted,2
edged,2
madly,2
mouthed,2
gallery,2
tripped,2
crashing,2
paces,2
doorknob,2
cackled,2
naughty,2
down,2
ducking,2
alohomora,2
monstrous,2
rolling,2
mouths,2
seventh,2
ful,2
wonder-,2
protection,2
clues,2
session,2
glee,2
private,2
twig,2
bubbles,2
basketball,2
straining,2
zig-zagging,2
them-,2
understood,2
shutting,2
golf,2
throw-,2
england,2
announced,2
sending,2
sleeves,2
hovered,2
honestly.,2
startled,2
decorations,2
stutter,2
helping,2
sprinting,2
askew,2
terror,2
dormitories,2
groups,2
directions,2
hermione.,2
fading,2
patch,2
victory,2
hesitated,2
driving,2
swayed,2
racket,2
fury,2
admitted,2
noisy,2
embarrassed,2
last-minute,2
jar,2
guilty,2
limped,2
hurting,2
breathlessly,2
create,2
cheerful,2
president,2
performed,2
colours,2
blast,2
reserve,2
adrian,2
yet.,2
be.,2
scored,2
feelings,2
higgs,2
yelling,2
disgusting,2
cheating,2
buck,2
direct,2
passes,2
interfere,2
clap,2
is.,2
concern,2
disgusted,2
signed,2
to.,2
spectacular,2
trailing,2
flatly,2
discoveries,2
developments,2
wandered,2
fortnight,2
crumpets,2
grandfather,2
contained,2
unwrapping,2
material,2
com-,2
merry,2
flung,2
sharing,2
rich,2
crackers,2
feeble,2
cloud,2
chuckling,2
redder,2
luminous,2
furi-,2
nagging,2
bother,2
shriek,2
back-,2
shrieks,2
desks,2
carved,2
oyt,2
scared-looking,2
reflections,2
touching,2
mirror.,2
feared,2
moaning,2
transfixed,2
image,2
insides,2
desire,2
prepared,2
convinced,2
nightmares,2
skimming,2
overtake,2
spluttered,2
leg-locker,2
bunny,2
urged,2
home-,2
grumpily,2
drinker,2
perenelle,2
practising,2
whirl,2
shoot,2
erupted,2
hugging,2
nearby,2
stuttering,2
pocus,2
lie.,2
anti-dark,2
fourteen,2
revising,2
shhhh,2
stoat,2
bush,2
really.,2
pose,2
drinks,2
feed,2
diff,2
rent,2
illegal,2
hatching,2
drained,2
moment.,2
norbert.,2
state,2
believes,2
sweat,2
handle.,2
teddy,2
ered,2
heaved,2
easier,2
flared,2
thrashing,2
brain,2
detentions,2
ashamed,2
comfort,2
dawn,2
hero,2
resign,2
suffering,2
proof,2
sacked,2
werewolves,2
cracking,2
winding,2
inter,2
killing,2
creatures,2
before.,2
grimly,2
hooves,2
dense,2
galloping,2
pawed,2
examine,2
sore,2
papers,2
snuff-box,2
invented,2
horrified,2
important.,2
caution,2
waste,2
body-bind,2
loosening,2
landing,2
darted,2
knack,2
offended,2
instant,2
onwards,2
nettle,2
trolls,2
hun-,2
binding,2
blistering,2
agony,2
deadly,2
well-organised,2
delayed,2
therefore,2
alas,2
end-of-year,2
serpent,2
leaf,2
arrives,1
unhappy,1
decade-old,1
revealed,1
survived,1
guardians,1
brimming,1
stumbles,1
hears,1
imaginative,1
generation,1
2020s,1
thirty-something,1
book-lovers,1
smug,1
references,1
terrific,1
telegraph,1
makings,1
narrative,1
devices,1
flair,1
originality,1
delivers,1
demanding,1
plot,1
hugely,1
entertaining,1
thriller,1
scotsman,1
casts,1
grown-,1
ups,1
naughtie,1
comparisons,1
dahl,1
justified,1
£11.99,1
half-blood,1
deathly,1
hallows,1
latin,1
irish,1
rights,1
reserved,1
publication,1
reproduced,1
transmitted,1
electronic,1
mechanical,1
photocopying,1
prior,1
permission,1
publisher,1
publishing,1
soho,1
w1d,1
3qy,1
digital,1
edition,1
limited,1
2012,1
indicia,1
trademark,1
warner,1
bros.,1
2000™,1
moral,1
asserted,1
cip,1
catalogue,1
british,1
isbn,1
978,1
7475,1
7360,1
certified,1
1996,1
a.c.,1
ancient-forest,1
printer,1
chain,1
custody,1
product,1
well-managed,1
controlled,1
cert,1
www.fsc.org,1
©1996,1
clays,1
ltd,1
ives,1
typeset,1
dorchester,1
typesetting,1
www.bloomsbury.com/harrypotter,1
jessica,1
loves,1
anne,1
beb,1
version,1
previous,1
text,1
updated,1
resulting,1
ch3,1
p33,1
line36,1
ch4,1
p47,1
line4,1
ch5,1
p50,1
line12,1
line13,1
p116,1
line3,1
p119,1
line6,1
ch10,1
p129,1
p154,1
line29,1
p155,1
line10,1
p163,1
line2,1
p166,1
line30,1
p168,1
line18,1
line31,1
line34,1
p209,1
p223,1
line38,1
beefy,1
amount,1
fences,1
discover,1
good-for-nothing,1
husband,1
undursleyish,1
pening,1
tie,1
gossiped,1
wrestled,1
briefcase,1
pecked,1
cereal,1
maps,1
signs,1
get-ups,1
drummed,1
wheel,1
whis-,1
pering,1
enraged,1
stunt,1
ninth,1
gazed,1
open-mouthed,1
night-,1
owl-free,1
morn-,1
stretch,1
tin,1
doughnut,1
whisperers,1
secretary,1
dialling,1
receiver,1
harvey,1
harold,1
squeaky,1
rejoice,1
approve,1
driveway,1
shoo,1
nor-,1
mal,1
behaviour,1
daughter,1
act,1
bird-watchers,1
reported,1
hunt,1
sightings,1
sunrise,1
experts,1
pattern.,1
reader,1
mcguffin,1
showers,1
ted,1
weatherman,1
viewers,1
dundee,1
phoning,1
downpour,1
bonfire,1
folks,1
funny-looking,1
lot.,1
sipped,1
pursed,1
howard,1
agree.,1
bathroom,1
affect,1
drifting,1
sleepiness,1
judging,1
tuck,1
belt,1
high-heeled,1
buckled,1
unwelcome,1
known.,1
cigarette,1
pinpricks,1
tance,1
beady-eyed,1
pavement,1
fancy,1
mcgonagall.,1
severe-looking,1
distinctly,1
stiffly.,1
news.,1
flocks,1
sense.,1
years.,1
swapping,1
rumours.,1
thankful,1
sensible,1
flinched,1
unsticking,1
name.,1
half-,1
exasperated,1
half-admiring,1
you-know,1
flatter,1
have.,1
earmuffs.,1
discuss,1
godric,1
hollow,1
rumour,1
gone.,1
glumly,1
faltered,1
astounding,1
survive,1
lace,1
dabbed,1
kicking,1
legend,1
growing,1
grudgingly,1
tend,1
steadily,1
louder,1
headlight,1
astride,1
tangles,1
lids,1
dolphins,1
muscular,1
sirius,1
swarmin,1
flyin,1
bristol.,1
under,1
tuft,1
jet-black,1
with.,1
scratchy,1
whiskery,1
howl,1
wounded,1
shhh,1
s-s-sorry,1
burying,1
c-c-can,1
gingerly,1
celebrations.,1
reply,1
lamps,1
slinking,1
hedges,1
inky,1
waking,1
milk,1
pinched,1
gardens,1
fateful,1
mantelpiece,1
pictures,1
beach,1
different-coloured,1
bobble,1
riding,1
bicycle,1
roundabout,1
shrill,1
pan,1
cooker,1
burn,1
duddy,1
birthday.,1
spider,1
pres-,1
ents,1
mystery,1
punch-bag,1
skinnier,1
bright-green,1
sellotape,1
punched,1
questions.,1
comb,1
greeting,1
haircut,1
haircuts,1
watery,1
angel,1
thirty-six,1
darling,1
auntie,1
daddy.,1
thirty-seven,1
wolfing,1
scented,1
popkin,1
thirty-nine,1
sweetums,1
oh.,1
atta,1
recorder,1
wristwatch,1
parks,1
cinema,1
cabbage,1
planned,1
tibbles,1
tufty,1
phone,1
s-her-name,1
yvonne,1
majorca,1
ruins,1
dinky,1
duddydums,1
flinging,1
sobs,1
sp-spoils,1
doorbell,1
christmas.,1
bar-,1
scissors,1
sleepless,1
sheared,1
bobbles,1
glove,1
puppet,1
shrunk,1
buildings,1
bins,1
mid-jump,1
spending,1
cabbage-smelling,1
maniacs,1
hoodlums,1
overtook,1
flying.,1
beetroot,1
dream.,1
cartoon,1
van,1
cheap,1
lolly,1
gorilla,1
remarkably,1
hobby,1
restaurant,1
knickerbocker,1
afterwards,1
lizards,1
snakes,1
poison-,1
cobras,1
man-crushing,1
pythons,1
largest,1
crushed,1
dust-,1
glistening,1
coils,1
whined,1
smartly,1
snoozed,1
intently,1
boredom,1
drumming,1
visitor,1
beady,1
annoying.,1
specimen,1
bred,1
doing,1
waddling,1
concrete,1
uncoiling,1
rapidly,1
throughout,1
exits,1
thanksss,1
amigo.,1
apologised,1
gibber,1
playfully,1
heels,1
swearing,1
squeeze,1
calming,1
meals,1
until,1
vision,1
relation,1
wild-looking,1
bus,1
weirdest,1
disagree,1
brazilian,1
earned,1
longest-ever,1
crutches,1
dennis,1
malcolm,1
gordon,1
stupidest,1
leader,1
harry-hunting,1
holi-,1
secondary,1
local,1
comprehensive,1
tripping,1
paraded,1
brand-new,1
tailcoats,1
straw,1
boaters,1
proudest,1
dudleykins,1
grown-up,1
rags,1
wet.,1
dyeing,1
finished.,1
doubted,1
elephant,1
click,1
flop,1
poke,1
holidaying,1
isle,1
wight,1
twanging,1
elastic,1
band,1
relatives,1
whinging,1
surrey,1
wax,1
seal,1
bearing,1
badger,1
surrounding,1
letter-bombs,1
whelk,1
writ-,1
snatch,1
greyish,1
p-p-petunia,1
seeming,1
mine.,1
scruffs,1
promptly,1
sleeps,1
pacing,1
swear,1
burned,1
breaths,1
bedroom.,1
bedrooms,1
visitors,1
month-,1
first-ever,1
programme,1
cancelled,1
bird-,1
parrot,1
air-rifle,1
bawling,1
whacked,1
tortoise,1
greenhouse,1
strangled,1
wrestle,1
wheezed,1
repaired,1
postman,1
hammered,1
aaaaarrrgh,1
miser-,1
ably,1
nailed,1
vernon.,1
nail,1
fruit,1
slotted,1
hammer,1
boarded,1
tulips,1
twenty-four,1
milk-,1
dairy,1
shredded,1
mixer,1
sundays,1
newspapers,1
damn,1
whizzing,1
forty,1
bullets,1
tufts,1
arguments,1
boarded-up,1
motorway,1
sniffling,1
nightfall,1
programmes,1
alien,1
gloomy-looking,1
outskirts,1
city,1
musty,1
snored,1
cars,1
stale,1
cornflakes,1
tinned,1
tomatoes,1
scuse,1
undred,1
desk.,1
railview,1
cokeworth,1
dining-room,1
wouldn,1
sug-,1
gested,1
ploughed,1
suspension,1
bridge,1
multi-storey,1
daddy,1
dully,1
parked,1
coast,1
drops,1
snivelled,1
humberto,1
television.,1
eleventh,1
birthdays,1
coat-hanger,1
carry-,1
certain,1
forecast,1
gleefully,1
gentleman,1
lend,1
toothless,1
ambling,1
rowing,1
iron-grey,1
aboard,1
chilly,1
seaweed,1
gaps,1
fire-,1
packet,1
crisps,1
bananas,1
packets,1
smoked,1
waves,1
splattered,1
filthy,1
moth-eaten,1
softest,1
curl,1
thinnest,1
ragged,1
blanket,1
raged,1
ferociously,1
snores,1
thunder,1
dial,1
tick,1
letter-writer,1
creak,1
warmer,1
slapping,1
crumbling,1
annoy,1
skid-,1
ding,1
rifle,1
hinges,1
beetles,1
stooping,1
brushed,1
crinkled,1
eyes.,1
rasping,1
demand,1
prune,1
gun,1
knot,1
rubber,1
squashed,1
icing,1
stronger,1
mind.,1
pack-,1
bath,1
weight,1
mugs,1
amber,1
liquid,1
swig,1
sizzling,1
juicy,1
fidgeted,1
puddin,1
fattenin,1
worry.,1
cryin,1
fill,1
cowering,1
maths,1
stuff.,1
world.,1
explode,1
boomed,1
mimblewimble,1
famous.,1
fixing,1
commanded,1
quailed,1
syllable,1
boil,1
thumpin,1
trained,1
hut-on-the-rock,1
grand,1
sorc.,1
chf,1
warlock,1
supreme,1
mugwump,1
confed,1
inform,1
enclosed,1
necessary,1
yours,1
sincerely,1
minerva,1
deputy,1
fireworks,1
stam-,1
mered,1
gallopin,1
gorgons,1
ruffled-looking,1
scrib-,1
bled,1
upside-down,1
ashen-faced,1
firelight,1
non-magic,1
dratted,1
frog-spawn,1
teacups,1
freak,1
draw,1
ranting,1
ried,1
abnormal,1
outrage,1
scandal,1
parts,1
gulpin,1
gargoyles,1
foghorn,1
mckinnons,1
prewetts,1
lived.,1
cruel,1
load,1
tosh,1
cured,1
denying,1
with-,1
types,1
sword,1
speared,1
bearded,1
same,1
bidin,1
kinda,1
trances,1
comin,1
respect,1
clouted,1
bullied,1
defeated,1
sorcerer,1
hair-,1
revenge,1
real-,1
ising,1
hadn,1
positively,1
finest,1
youngsters,1
dumbled–,1
paying,1
crackpot,1
tricks,1
insult,1
firecracker,1
curly,1
shouldn,1
ruefully,1
strictly,1
speakin,1
kip,1
wriggles,1
dormice,1
cupboard.,1
rapping,1
claw,1
swelling,1
savaging,1
payin,1
deliverin,1
bunches,1
pellets,1
string,1
tea-,1
strange-looking,1
ones.,1
pouch,1
tied,1
puncture,1
teh,1
neither.,1
banks,1
goblins.,1
cept,1
business.,1
fetchin,1
gleamed,1
hired,1
settled,1
mentionin,1
high-security,1
tryin,1
summat.,1
messin,1
minister,1
cornelius,1
bungler,1
pelts,1
advice.,1
country.,1
wantin,1
solutions,1
alone.,1
bumped,1
per-,1
fectly,1
parking,1
meters,1
panting,1
crikey,1
dragon.,1
tickets,1
knitting,1
canary-yellow,1
circus,1
tent,1
stitches,1
need.,1
unfolded,1
require,1
sets,1
protective,1
similar,1
winter,1
fastenings,1
tags,1
grade,1
miranda,1
goshawk,1
bathilda,1
bagshot,1
theory,1
adalbert,1
waffling,1
beginner,1
switch,1
phyllida,1
spore,1
drafts,1
arsenius,1
jigger,1
newt,1
scamander,1
forces,1
self-protection,1
quentin,1
trimble,1
phials,1
own,1
trains,1
bustling,1
stores,1
cinemas,1
sell,1
ordi-,1
nary,1
cooked,1
humour,1
unbelievable,1
trusting,1
grubby-looking,1
hurry-,1
steered,1
sherry,1
smoking,1
gummy,1
buzz,1
tom,1
honour.,1
last.,1
proud.,1
flutter.,1
diggle.,1
shop.,1
every-,1
grasping,1
c-can,1
t-tell,1
p-pleased,1
d-defence,1
d-d-dark,1
n-not,1
n-need,1
g-getting,1
g-got,1
p-pick,1
b-book,1
m-myself.,1
walled,1
weeds,1
tremblin,1
trem-,1
blin,1
bloke,1
studyin,1
experience,1
hag,1
hags,1
mean-,1
bricks,1
arch-,1
cobbled,1
alley.,1
shrink,1
instantly,1
sizes,1
needin,1
hooting,1
instruments,1
spleens,1
eels,1
tottering,1
globes,1
snowy-white,1
burnished,1
shorter,1
swarthy,1
engraved,1
heed,1
awaits,1
sin,1
dearly,1
thief,1
beware,1
scribbling,1
ledgers,1
examining,1
eyeglasses,1
scattering,1
dog-,1
biscuits,1
rubies,1
coals,1
order.,1
know-what,1
thirteen.,1
dog-biscuits,1
fol-,1
lowed,1
you-know-what,1
thir-,1
teen,1
mysteriously,1
passage-,1
steeply,1
railway,1
hurtling,1
maze,1
passages,1
stung,1
stalactites,1
stalagmites,1
stalactite,1
lean,1
unlocked,1
bil-,1
lowing,1
mounds,1
columns,1
heaps,1
fortune,1
belonging,1
galleon,1
twenty-nine,1
terms,1
corners,1
ravine,1
scruff,1
sucked,1
extraordinary,1
top-,1
fabulous,1
jewels,1
longed,1
infernal,1
cart-ride,1
pick-me-up,1
carts.,1
squat,1
mauve,1
bully,1
smuggle,1
somehow.,1
agree,1
mmm,1
works,1
savage,1
surname,1
ice-cream,1
raspberry,1
chopped,1
nuts,1
lied,1
forgettin,1
wizardin,1
rules.,1
duffers,1
gloomily,1
flourish,1
blotts,1
paving,1
stamps,1
symbols,1
counter-curses,1
bewitch,1
befuddle,1
revenges,1
loss,1
jelly-legs,1
tongue-tying,1
vindictus,1
viridian,1
circumstances,1
level.,1
fascinating,1
rotted,1
cabbages,1
slimy,1
powders,1
bundles,1
strings,1
supply,1
basic,1
twenty-one,1
minuscule,1
glittery,1
scoop,1
birth-,1
sneeze,1
kids,1
stammering,1
lotta,1
makers,1
382,1
cushion,1
tinkling,1
dust,1
tingle,1
hello,1
awkwardly,1
quarter,1
swishy,1
willow,1
work.,1
pliable,1
trans-,1
figuration,1
bendy,1
hmmm,1
right-handed,1
shoul-,1
der,1
armpit,1
core,1
heartstrings,1
phoenixes,1
meas-,1
uring,1
flitting,1
beechwood,1
heartstring,1
flexible,1
wave.,1
maple,1
whippy,1
ebony,1
springy,1
mounting,1
customer,1
combi-,1
supple.,1
firework,1
whooped,1
bravo,1
destined,1
scar.,1
named,1
great.,1
late-afternoon,1
gawping,1
funny-shaped,1
paddington,1
chewed,1
died.,1
eye-,1
brows,1
beginning,1
singled,1
smatter,1
half-terrified,1
half-furious,1
improvement,1
depressing,1
hoover,1
august,1
quiz,1
grunt,1
carpets,1
punctures,1
ticket.,1
bother.,1
removed,1
smeltings.,1
jeans,1
loaded,1
dumped,1
sta-,1
built,1
nastier,1
annoyed,1
pid,1
time-wasters,1
according,1
arrivals,1
stranded,1
speaker,1
piped,1
red-headed,1
divide,1
tourists,1
swarming,1
rucksack,1
sons,1
gangling,1
steam,1
wrought-iron,1
chattering,1
carriages,1
dreadlocks,1
surrounded,1
lid,1
shove,1
heave,1
aren,1
chorused,1
gawped,1
half-hidden,1
nose.,1
geroff.,1
aaah,1
ronnie,1
somefink,1
nosie,1
billowing,1
compartments,1
idea.,1
because,1
fondly,1
behave,1
toilet.,1
ronniekins,1
rubbed,1
goggle,1
lightning.,1
platform.,1
reminding,1
owls.,1
seat.,1
disappear,1
red-,1
full.,1
tarantula,1
accountant,1
brothers.,1
sixth,1
expects,1
rat.,1
useless,1
wakes,1
aff–,1
instead.,1
voicing,1
class.,1
enough.,1
cows,1
sheep,1
lanes,1
clattering,1
dimpled,1
dears,1
sand-,1
wiches,1
drooble,1
gum,1
liquorice,1
starving,1
forgets,1
corned,1
beef.,1
swap,1
agrippa.,1
ptolemy.,1
flowing,1
considered,1
tenpin,1
bowling,1
astonishment,1
collecting.,1
strayed,1
photos.,1
hengist,1
woodcroft,1
alberic,1
grunnion,1
circe,1
paracelsus,1
druidess,1
cliodna,1
scratching,1
peppermint,1
malade,1
spinach,1
tripe,1
bogey-flavoured,1
bleaaargh,1
sprouts.,1
baked,1
strawberry,1
curry,1
coffee,1
sardine,1
pepper,1
wilder,1
woods,1
rivers,1
hills,1
tearful,1
snoozing,1
rummaged,1
battered-looking,1
aback,1
sunshine,1
daisies,1
butter,1
mellow,1
yellow.,1
background,1
dazed,1
soon.,1
dud.,1
depressed,1
africa,1
high-,1
vault.,1
prickle,1
confessed,1
dumbfounded,1
positions,1
describing,1
thickset,1
bodyguards,1
carelessly,1
cough,1
snigger,1
afford.,1
tinge,1
cheeks,1
politer,1
riff-raff,1
rub,1
some.,1
knuckle,1
sleep.,1
driver,1
childishly,1
sniffy,1
dirt,1
deep-purple,1
slowing,1
trainers,1
luggage,1
separately.,1
lurched,1
thronging,1
familiar,1
mon,1
stumbling,1
sec,1
oooooh,1
atop,1
starry,1
turrets,1
shore,1
curtain,1
ivy,1
opening,1
tunnel,1
rocks,1
pebbles,1
check-,1
blissfully,1
stair-,1
upper,1
flagged,1
drone,1
of-term,1
produced,1
triumphs,1
rule-breaking,1
honour,1
credit,1
becomes,1
smarten,1
lingered,1
fastened,1
smudged,1
quietly.,1
hurts,1
doom,1
pearly-white,1
transparent,1
monk,1
chances,1
deserves,1
tights,1
mutely,1
start.,1
sandy,1
goblets,1
lanterns,1
candlelight,1
avoid,1
velvety,1
history.,1
placed,1
four-legged,1
patched,1
frayed,1
brim,1
judge,1
smarter,1
bowlers,1
chivalry,1
loyal,1
patient,1
unafraid,1
toil,1
wit,1
cunning,1
achieve,1
flap,1
weakly,1
quick-witted,1
queasy,1
abbott,1
pink-faced,1
pigtails,1
brocklehurst,1
mandy,1
catcalling,1
bulstrode,1
millicent,1
finch-fletchley,1
justin,1
declared,1
thoughts,1
amid,1
gales,1
macdougal,1
morag,1
swaggered,1
nott,1
perks,1
sally-anne,1
hmm,1
plenty,1
talent,1
thirst,1
prove,1
edges,1
greatness,1
ice-cold,1
thumbs-up,1
centre,1
turpin,1
lisa,1
pompously,1
zabini,1
blaise,1
scroll,1
nitwit,1
blubber,1
oddment,1
tweak,1
airily,1
dishes,1
beef,1
pork,1
lamb,1
chips,1
carrots,1
starved,1
mimsy-porpington,1
service,1
resident,1
tower.,1
prefer,1
mimsy,1
miffed,1
hinge,1
behead,1
ghost.,1
gaunt,1
stained,1
seating,1
arrangements,1
delicately,1
remains,1
blocks,1
ice-,1
cream,1
apple,1
pies,1
tarts,1
éclairs,1
doughnuts,1
strawberries,1
jelly,1
rice,1
mam,1
married,1
blackpool,1
pier,1
great-,1
great-auntie,1
enid,1
meringue,1
accidentally,1
bounced,1
toad.,1
absurd,1
hooked,1
sallow,1
hook-nosed,1
n-nothing.,1
teaches,1
awful,1
watered,1
notices,1
forbid-,1
den,1
remind,1
trials,1
right-hand,1
death.,1
ribbon,1
hoggy,1
scabby,1
filling,1
flies,1
fluff,1
forgot,1
rot.,1
funeral,1
march,1
conducted,1
beyond,1
bedtime,1
off,1
trot,1
chatter-,1
doorways,1
panels,1
tapestries,1
dragging,1
poltergeist.,1
yourself.,1
cross-legged,1
oooooooh,1
cackle,1
walk-,1
dress,1
caput,1
draconis,1
directed,1
four-posters,1
deep-red,1
velvet,1
hang-,1
ings,1
chewing,1
sheets.,1
transfer,1
destiny,1
hook-,1
nosed,1
sweating,1
hair.,1
dormi-,1
tory,1
queuing,1
doubled,1
forty-two,1
rickety,1
politely,1
tickled,1
poltergeist,1
baskets,1
rugs,1
pelt,1
sneak,1
conk,1
argus,1
unluckily,1
out-of-bounds,1
rescued,1
dust-coloured,1
patrolled,1
toe,1
whisk,1
appear,1
dearest,1
skies,1
greenhouses,1
dumpy,1
plants,1
staff-room,1
droned,1
uric,1
oddball,1
100,1
talking-to,1
warned.,1
furniture,1
ani-,1
mals,1
needle,1
pointy,1
ward,1
vampire,1
african,1
thank-you,1
troublesome,1
protected,1
poured,1
101,1
favours,1
true.,1
owners,1
laps,1
scrawl,1
afternoons,1
disliked,1
dislike,1
pickled,1
celebrity.,1
102,1
tunnels,1
subtle,1
science,1
exact,1
art,1
potion-,1
wand-waving,1
beauty,1
simmering,1
shimmering,1
fumes,1
deli-,1
cate,1
liquids,1
veins,1
ensnaring,1
brew,1
stopper,1
bunch,1
dunderheads,1
teach.,1
exchanged,1
dunderhead,1
everything.,1
103,1
ignoring,1
wolfs-,1
information,1
pow-,1
erful,1
draught,1
goat,1
poisons,1
wolfsbane,1
aconite,1
cure,1
weigh,1
nettles,1
crush,1
criticising,1
stewed,1
horned,1
slugs,1
acid,1
melt,1
blob,1
seeping,1
holes,1
drenched,1
spilled,1
porcupine,1
whimpered,1
104,1
unfair,1
nasty.,1
galoshes,1
frantic,1
scrabbling,1
booming,1
barks,1
fang.,1
collar,1
hams,1
pheasants,1
patchwork,1
quilt,1
yerselves,1
pouring,1
chasin,1
forest.,1
rested,1
drooled,1
105,1
animals.,1
cutting,1
investigations,1
widely,1
spokesgoblin,1
106,1
thieves,1
weighed,1
collected,1
groan,1
typical,1
rea-,1
sonably,1
boastful,1
narrowly,1
helicopters,1
childhood,1
hang-glider,1
stantly,1
argument,1
prodding,1
poster,1
108,1
grandmother,1
extra-,1
tips,1
lecture,1
arrival,1
gloatingly,1
grand-,1
tells,1
three-thirty,1
109,1
breezy,1
rippled,1
sloping,1
lawns,1
lawn,1
swaying,1
vibrate,1
horses,1
quaver,1
correcting,1
grips,1
jumpy,1
cork,1
110,1
drift,1
lazily,1
bending,1
get.,1
tear-streaked,1
hobbled,1
ooh,1
pansy,1
hard-faced,1
babies,1
parvati.,1
snatching,1
hovering,1
topmost,1
mount-,1
111,1
whoop,1
grasped,1
javelin,1
motion,1
mingled,1
triumphant,1
112,1
numbly,1
defend,1
trotting,1
mis-,1
erably,1
assistant,1
borrow,1
cane,1
burly,1
blackboard,1
clanged,1
seeker.,1
puzzlement,1
crisply,1
113,1
fifty-foot,1
scratch,1
build,1
speedy,1
decent,1
cleansweep,1
sternly,1
punishing,1
himself.,1
steak-and-kidney,1
shovelling,1
gaped,1
secret.,1
114,1
beaters.,1
skipping,1
gregory,1
smarmy,1
flanked,1
having,1
meal,1
scowl,1
sizing,1
unlocked.,1
catching,1
duels,1
anyway.,1
punch,1
115,1
overhearing,1
selfish,1
dodge,1
sneering,1
looming,1
embers,1
glow-,1
frown,1
116,1
goose,1
switching,1
spells.,1
painting,1
shrilly,1
snuffling,1
mended,1
117,1
beckoned,1
striped,1
tiptoed,1
cases,1
glimmered,1
shields,1
statues,1
chickened,1
corner.,1
horror-struck,1
scurried,1
hiding.,1
suits,1
fright-,1
ened,1
clanging,1
doorpost,1
galloped,1
118,1
tapestry,1
spluttering,1
stitch,1
possible.,1
tricked,1
shoot-,1
caughty.,1
saintly,1
wickedly,1
swipe,1
helplessly,1
119,1
shouts,1
annoying,1
sing-song,1
haaa,1
haaaaaa,1
whooshing,1
tugging,1
twitch-,1
drooling,1
saliva,1
slippery,1
thunderous,1
groped,1
120,1
monster,1
heads.,1
meantime,1
object,1
guessing,1
slightest,1
refusing,1
know-it-all,1
bonus,1
122,1
contains,1
enviously,1
barred,1
jealousy,1
spite,1
resist,1
comet,1
comets,1
flashy,1
league,1
nimbus.,1
twig.,1
circum-,1
stances,1
model,1
smothering,1
123,1
reward,1
stomping,1
disapprovingly,1
straying,1
bed-,1
dusk,1
stadium,1
spectators,1
poles,1
mounted,1
lightest,1
124,1
joining,1
prac-,1
tice,1
week.,1
different-sized,1
chasers.,1
goal,1
recited,1
scoring.,1
rounders,1
bludgers.,1
identical,1
straps,1
freed,1
pelted,1
zoomed,1
forcing,1
125,1
strapping,1
rocket,1
guards,1
reeled,1
offhand,1
member,1
open.,1
selves.,1
weave,1
catches,1
wins,1
fouled,1
substitutes,1
these.,1
126,1
trudged,1
dragons.,1
evenings,1
mastered,1
basics,1
bak-,1
wafting,1
objects,1
zoom,1
class-,1
angrier,1
spoken,1
practis-,1
baruffio,1
buffalo,1
chest.,1
swished,1
desktop,1
impatient,1
127,1
windmill,1
wing-,1
gar-dium,1
levi-o-sa,1
gar,1
long.,1
gown,1
glimpse,1
uncomfortable,1
friends.,1
overheard,1
awkward,1
bats,1
pumpkins,1
potato,1
128,1
uproar,1
firecrackers,1
exploding,1
rumbled,1
element,1
joke.,1
deserted,1
griffin,1
heading,1
stench,1
public,1
grunting,1
foot-,1
falls,1
129,1
emerged,1
gran-,1
ite,1
boulder,1
horny,1
incredi-,1
ble,1
wag-,1
gled,1
slouched,1
in.,1
praying,1
slam,1
pas-,1
sage,1
fumbling,1
shrinking,1
advancing,1
sinks,1
confuse,1
seizing,1
lumbered,1
lifting,1
pea-brain,1
ugly,1
130,1
echoes,1
berserk,1
fasten,1
flailed,1
clinging,1
fright,1
sicken-,1
tremble,1
glue,1
urgh,1
bogies.,1
crashes,1
roars,1
131,1
whimper,1
hopes,1
swift,1
fetch,1
arrived.,1
tackling,1
disappointed,1
finishing,1
houses.,1
132,1
full-grown,1
grumbled,1
her.,1
saving,1
ending,1
twelve-foot,1
november,1
chilled,1
steel,1
frost,1
defrosting,1
bundled,1
mole-,1
rabbit-fur,1
beaverskin,1
season,1
begun,1
ver-,1
sus,1
weapon,1
leaked,1
neath,1
mattress,1
committing,1
1473,1
rarely,1
play-,1
referees,1
sahara,1
desert,1
relaxed,1
134,1
conjured,1
yard,1
limping,1
answers,1
restless,1
scene,1
mangled,1
bandages,1
blasted,1
135,1
diversion,1
saints,1
buzzing,1
ques-,1
snoring,1
dawned,1
fried,1
breakfast.,1
wheedled,1
hungry.,1
nobbled,1
team.,1
136,1
fan,1
painted,1
paint,1
flashing,1
skipped,1
137,1
attractive,1
commen-,1
tary,1
belting,1
alicia,1
gains,1
sc–,1
katie,1
beater,1
dodges,1
bletchley,1
dives,1
misses,1
moans,1
along.,1
watchin,1
bein,1
nope,1
speck,1
138,1
attacked,1
loop-,1
the-loops,1
wristwatches,1
ducks,1
speeds,1
murmur,1
streak,1
terence,1
spurt,1
span,1
ref,1
oughta,1
coulda,1
air.,1
139,1
kills,1
possession.,1
spinning,1
dangerously,1
lurch,1
riders,1
violent,1
unseated,1
commentating,1
jerking,1
managing,1
140,1
thousand.,1
grey-faced,1
non-stop,1
jinxing,1
vibrating,1
terri-,1
fied,1
circled,1
headfirst,1
crouched,1
hem,1
yelp,1
scooping,1
clam-,1
141,1
fours,1
ended,1
howl-,1
result,1
seventy,1
guarding.,1
chappie,1
sort.,1
jinx,1
tellin,1
hotly,1
142,1
dent,1
meddlin,1
aha,1
mid-december,1
froze,1
snowballs,1
stormy,1
nursed,1
health,1
draughty,1
bitter,1
mist,1
home.,1
measuring,1
spine,1
lion-,1
fish,1
wide-,1
replacing,1
buck-,1
jealous,1
taunting,1
144,1
fir,1
blocking,1
drawl,1
palace,1
provoked,1
insultin,1
silkily,1
scatter-,1
smirking,1
grinding,1
treat.,1
festoons,1
mistletoe,1
icicles,1
145,1
library.,1
blossoming,1
hint,1
searching,1
notable,1
sheer,1
tens,1
random,1
specially,1
146,1
containing,1
advanced,1
librarian,1
brandished,1
duster,1
hearing,1
hopeful,1
surprising,1
dentists,1
emptier,1
spear,1
toasting,1
bread,1
marshmallows,1
plotting,1
teaching,1
figures,1
directing,1
troops,1
drawback,1
147,1
eve,1
turnips,1
scrawled,1
whittled,1
message,1
enclose,1
fifty-pence,1
fascinated,1
pence,1
jumper.,1
hand-knitted,1
sweater,1
home-made,1
maroon.,1
tasty,1
148,1
fluid,1
folds,1
valuable.,1
cloth,1
woven,1
awe,1
suspended,1
pletely,1
nar-,1
loopy,1
signature,1
149,1
jumpers,1
lovely,1
warm.,1
half-heartedly,1
observed,1
gred,1
forge.,1
thickly,1
frog-marched,1
turkeys,1
pota-,1
toes,1
platters,1
chipolatas,1
tureens,1
buttered,1
cranberry,1
sauce,1
stacks,1
crack-,1
flimsy,1
cracker,1
bang,1
engulfed,1
rear-admiral,1
150,1
flowered,1
bonnet,1
embedded,1
slice,1
kissing,1
giggled,1
lop-sided,1
including,1
non-,1
explodable,1
balloons,1
grow-your-own-warts,1
kit,1
snowball,1
spectacu-,1
larly,1
chase,1
whoever,1
four-poster,1
flow,1
smoother,1
151,1
squawked,1
eerie,1
supporting,1
creeps,1
stepping,1
rope,1
separated,1
spelled,1
languages,1
title,1
stain,1
interesting-,1
volume,1
bal-,1
ancing,1
blood-curdling,1
unbroken,1
ear-splitting,1
panicking,1
152,1
shrieking,1
outstretched,1
ring-,1
directly,1
section.,1
drain,1
replied,1
disused,1
shapes,1
upturned,1
basket,1
propped,1
ornate,1
clawed,1
inscription,1
stra,1
ehru,1
ube,1
cafru,1
wohsi,1
153,1
scream-,1
existed,1
edging,1
hungrily,1
ache,1
sadness,1
154,1
fade,1
crossly,1
everyone.,1
see-,1
odd.,1
retracing,1
route,1
155,1
paisley,1
hold-,1
parents.,1
cussion,1
no.,1
156,1
shaves,1
grandfathers,1
short-sighted,1
discovered,1
delights,1
erised.,1
gen-,1
tly,1
happiest,1
does,1
157,1
deepest,1
overshadowed,1
sees,1
knowledge,1
wasted,1
entranced,1
admirable,1
however.,1
woollen,1
socks.,1
insist,1
books.,1
truthful,1
shoved,1
personal,1
disappearing,1
roaming,1
nights,1
disappointment,1
breaks,1
endless,1
replaced,1
dampen,1
fanatic,1
cham-,1
pionship,1
muddy,1
159,1
dive-bombing,1
pre-,1
tending,1
mud,1
refereed,1
concen–,1
terrible.,1
climb,1
hop,1
counter-curse,1
160,1
easier.,1
chose,1
stink-,1
exchange,1
mystified,1
161,1
reading.,1
flicking,1
pages,1
dramatically,1
maker,1
effect,1
concerned,1
legendary,1
transform,1
produces,1
immortal,1
reports,1
centuries,1
existence,1
belongs,1
noted,1
alchemist,1
opera-lover,1
celebrated,1
sixty-fifth,1
devon,1
fifty-eight,1
stops,1
sixty-five,1
162,1
treating,1
bites,1
discussing,1
wipe,1
win.,1
overtaking,1
biased,1
weekly,1
torture,1
pos-,1
sibly,1
chang-,1
pep,1
grim,1
secretly,1
using,1
locomotor,1
mortis,1
163,1
pressure,1
capture,1
favour,1
somersault,1
broadly,1
fixedly,1
brains.,1
howled,1
neville.,1
poorer,1
164,1
anxiety,1
bullet,1
leaping,1
scuffles,1
yelps,1
triumph,1
danc-,1
spilling,1
white-faced,1
tight-lipped,1
brooding,1
165,1
broomshed,1
reliving,1
blur,1
nosebleed,1
shed,1
prowling,1
circles,1
brushing,1
noiselessly,1
beech,1
below,1
d-don,1
mumbling,1
166,1
b-b-but,1
enemy,1
i-i,1
don-t,1
steadied,1
hocus,1
b-but,1
d-d-don,1
loyalties,1
thumping,1
single-handed,1
party,1
kitchens.,1
hocus-,1
paler,1
thin-,1
press,1
growling,1
encouraging,1
time-,1
colour-coding,1
minded,1
flamel.,1
easter,1
reciting,1
168,1
longingly,1
forget-me-not,1
dittany,1
moleskin,1
shifty,1
suspicious,1
impressively,1
shoutin,1
promisin,1
rabbitin,1
thought-,1
species,1
ireland,1
inferno,1
guide.,1
169,1
laws,1
dragon-breeding,1
lawed,1
warlocks,1
convention,1
1709,1
tame,1
danger-,1
burns,1
romania.,1
hebridean,1
blacks,1
hushing,1
forget.,1
stiflingly,1
refused,1
frowned,1
ppose,1
beats,1
flattering,1
170,1
protecting,1
guarded,1
boiling.,1
fiddling,1
fortune.,1
havin,1
honest.,1
hatched,1
doin,1
readin,1
dragon-,1
breeding,1
pleasure,1
profit,1
mothers,1
hatches,1
171,1
humming,1
stoked,1
pen,1
peaceful,1
revi-,1
sion,1
timetables,1
skip,1
argued,1
trowels,1
greeted,1
ushered,1
clicking,1
bated,1
spiny,1
172,1
stubs,1
sneezed,1
isn,1
stroke,1
ridgebacks,1
runnin,1
darkened,1
free.,1
furling,1
gamekeeping,1
duties,1
keep-,1
marbles,1
dump,1
173,1
chimed,1
lullaby.,1
174,1
hitch,1
swollen,1
shade,1
poiso-,1
nous,1
feels,1
bor-,1
soothe,1
ban-,1
daged,1
175,1
puffed,1
stage,1
noth-,1
aargh,1
playin,1
rattle,1
arriving,1
tennis,1
lonely.,1
bye-bye,1
cov-,1
cuts,1
forgetting,1
outlines,1
grappling,1
tartan,1
hairnet,1
176,1
utter,1
easiest,1
jig,1
advised,1
cheery,1
harness,1
rigged,1
suspend,1
thanked,1
happiness,1
loomed,1
excuses,1
alibis,1
cover-up,1
cornered,1
creeping,1
out-of-,1
lead-,1
drag–,1
violently,1
likely,1
yourselves.,1
teach-,1
slippers,1
cock-and-bull,1
178,1
blundering,1
receive,1
students.,1
hour-glasses,1
record-,1
179,1
popular,1
admired,1
longing,1
insulted,1
owe,1
repair,1
meddle,1
draw-,1
work-,1
misery,1
memorise,1
rebellions,1
due,1
resolution,1
unexpected,1
whimpering,1
180,1
sob,1
straightening,1
meddling,1
gambled,1
spring,1
testing,1
surround-,1
kindling,1
sure.,1
depended,1
explaining.,1
181,1
around.,1
jupiter,1
delivered,1
prof.,1
furore,1
deserved,1
for-,1
gotten,1
lighting,1
leering,1
pity,1
punishments,1
wrists,1
chains,1
oiled,1
sniff-,1
scudding,1
started.,1
oaf,1
182,1
mistaken,1
piece.,1
moan,1
heard.,1
lookout,1
arrows,1
waitin,1
lecturin,1
snot,1
writin,1
gaze,1
dan-,1
183,1
gerous,1
risks,1
track,1
shinin,1
misery.,1
trail,1
stag-,1
gerin,1
coward,1
mossy,1
tree-stump,1
run-,1
ning,1
184,1
hoisted,1
arrow,1
lis-,1
tened,1
squint-,1
chestnut,1
reddish,1
sorrowful,1
loose,1
centaur.,1
erm,1
185,1
innocent,1
victims,1
bright.,1
meanin,1
hides,1
secrets.,1
bow,1
-bodied,1
wilder-looking,1
injured,1
star-gazers,1
moon.,1
mostly,1
turnin,1
186,1
undergrowth,1
sharper,1
fuming,1
sneaked,1
panicked,1
makin,1
changin,1
frightenin,1
done.,1
thicker,1
splashes,1
inched,1
slender,1
187,1
pearly,1
freeze,1
clear-,1
stalking,1
cloaked,1
uni-,1
corn,1
aaaaaaaaaaargh,1
dribbling,1
pierced,1
half-blinded,1
staggered,1
charging,1
white-blond,1
palomino,1
astonishingly,1
sapphires,1
lingering,1
livid,1
ride,1
clamber,1
flanks,1
heaving,1
mule,1
better.,1
188,1
plan-,1
cerned,1
foretold,1
donkeys,1
stray,1
reared,1
hind,1
alongside,1
must.,1
whisked,1
low-hanging,1
horn,1
tail-hair,1
potions.,1
slay,1
gain,1
commit,1
inch,1
ter-,1
rible,1
price,1
slain,1
defenceless,1
lips.,1
dappled,1
189,1
clung,1
awaiting,1
iron,1
wrongly,1
times.,1
cantered,1
shivering,1
fouls,1
wide-eyed,1
wait-,1
190,1
feverishly,1
happy.,1
fortune-telling,1
imprecise,1
branch,1
exhausted,1
throats,1
swelteringly,1
anti-,1
practical,1
pineapple,1
tap-,1
dance,1
remem-,1
forgetfulness,1
stabbing,1
pains,1
bothering,1
dripping,1
fore-,1
visiting,1
fret,1
192,1
answer-,1
batty,1
flocking,1
1637,1
code,1
conduct,1
uprising,1
elfric,1
eager.,1
after-,1
tickling,1
tentacles,1
squid,1
bask-,1
shallows,1
lets,1
down.,1
unsettled,1
betray,1
193,1
grassy,1
slope,1
wander,1
law,1
shelling,1
hog,1
pubs,1
dealer,1
hood,1
buyin,1
194,1
dogs,1
fishy,1
urgent,1
demands,1
195,1
winds,1
tumbled,1
sn–,1
suspicion,1
assured,1
protected.,1
enjoy,1
sunshine.,1
wanderings,1
personally,1
196,1
pro-,1
fessor,1
separating,1
stormed,1
went.,1
197,1
per,1
cent,1
pocketed,1
198,1
bid,1
freedom,1
hurriedly,1
steeling,1
desper-,1
exasperation,1
doing.,1
petrificus,1
totalus,1
rigid,1
199,1
sorry.,1
motionless,1
omen,1
skulking,1
carpet,1
ghoulie,1
ghostie,1
wee,1
student,1
beastie,1
a-creeping,1
unseen.,1
invisible.,1
bloodiness,1
greasily,1
peevsie,1
scooted,1
200,1
impress,1
creaked,1
harp,1
droop,1
ceased,1
tottered,1
smelly,1
approached,1
gritted,1
ring,1
drop.,1
201,1
asleep.,1
fingertips,1
flump,1
thump,1
sprawled,1
bark,1
struggle,1
twist,1
tendrils,1
creepers,1
tighter,1
202,1
curling,1
likes,1
wringing,1
bluebell,1
cringed,1
wriggling,1
flailing,1
unravelled,1
bodies,1
crisis,1
gentle,1
drip,1
trickling,1
down-,1
listened,1
clinking,1
moving.,1
brilliantly,1
arching,1
203,1
tumbling,1
vicious,1
sup-,1
run.,1
beaks,1
untouched,1
tugged,1
decoration,1
soaring,1
winged,1
squinted,1
flock,1
old-fashioned,1
soar-,1
midst,1
spotting,1
weaving,1
rainbow,1
204,1
damaged,1
rocketed,1
strug-,1
gling,1
rammed,1
chessboard,1
taller,1
shiv-,1
room.,1
chessmen.,1
helmeted,1
205,1
castle.,1
plays,1
pawn,1
diagonally,1
smashed,1
limp,1
taken.,1
sacrifices,1
checkmate,1
won.,1
206,1
pounced,1
spaces,1
crown,1
charged,1
convince,1
transfigured,1
watering,1
larger,1
tackled,1
breathe.,1
differently,1
threshold,1
safety,1
207,1
transport,1
killers,1
evermore,1
slyly,1
dwarf,1
puzzle,1
purple.,1
swallow.,1
208,1
flying-key,1
cleverness,1
friendship,1
positive,1
ice.,1
wears,1
flooding,1
braced,1
treble,1
type,1
overgrown,1
suspect,1
p-p-poor,1
st-,1
p-professor,1
dentally,1
man-,1
aged,1
counter-,1
unpopular,1
nosy,1
scurrying,1
210,1
mur-,1
mured,1
concentrating,1
idly,1
frighten,1
grily,1
presenting,1
loathed,1
spasm,1
211,1
instructions,1
travelled,1
served,1
faithfully,1
mistakes,1
displeased,1
tailed,1
212,1
blood-red,1
incredibly,1
rooting,1
muscle,1
tur-,1
ban,1
slits,1
213,1
vapour,1
willing,1
strengthened,1
faithful,1
surged,1
begging,1
liar,1
value,1
courageous,1
vain.,1
flame,1
needle-sharp,1
seared,1
lessened,1
lunged,1
blind-,1
pinning,1
palms,1
raw,1
perform,1
214,1
instinct,1
aaaargh,1
yells,1
grasp,1
blackness,1
swam,1
linen,1
sweet-shop,1
tokens,1
admirers,1
naturally,1
misters,1
responsible,1
lavatory,1
hygienic,1
confiscated,1
215,1
worried.,1
distracted,1
prevent,1
destroyed.,1
blankly,1
best.,1
stored,1
affairs,1
beings,1
precisely,1
216,1
increases,1
itself.,1
truly,1
can-,1
nevertheless,1
merely,1
power.,1
truth.,1
treated,1
beg,1
power-,1
hatred,1
marked,1
217,1
bird,1
sheet,1
twinkled,1
detest,1
unlike,1
forgive.,1
life.,1
dreamily,1
debt,1
quits,1
hating,1
unfortunate,1
youth,1
vomit-,1
flavoured,1
toffee,1
218,1
golden-brown,1
earwax,1
matron,1
pleaded,1
rest.,1
resting,1
only.,1
fling,1
audience,1
rocker,1
floor.,1
219,1
killed.,1
thoughtfully,1
stopping,1
accident,1
steamrollered,1
bustled,1
sweet-boxes,1
sniffily,1
risky,1
visitor.,1
indoors,1
chucked,1
grief,1
remorse,1
leaking,1
220,1
sandwich,1
chuckle,1
fix,1
shoulda,1
leather-covered,1
photos,1
fussing-about,1
insisting,1
check-up,1
decked,1
hush,1
fortunately,1
cheerfully,1
waffle,1
fuller,1
awarding,1
thus,1
dred,1
fifty-two,1
twenty-six,1
seventy-two.,1
221,1
stamping,1
sickening,1
account.,1
dish,1
radish,1
sunburn,1
best-played,1
din,1
seventy-two,1
gradually,1
kinds,1
takes,1
longbottom.,1
explosion,1
222,1
nudged,1
downfall,1
decoration.,1
hangings,1
van-,1
ished,1
jot,1
scraped,1
abysmal,1
wardrobes,1
boarding,1
country-,1
greener,1
tidier,1
towns,1
223,1
wizened,1
gate,1
twos,1
threes,1
alarming,1
owl.,1
gate-,1
gateway,1
squealed,1
point.,1
weasley.,1
purple-faced,1
moustached,1
manner,1
day.,1
joanne,1
kathleen,1
fiction,1
1965,1
chepstow,1
studied,1
french,1
classics,1
exeter,1
university,1
amnesty,1
portugal,1
english,1
foreign,1
language,1
edinburgh,1
manchester,1
strolled,1
formed,1
during,1
outlined,1
plots,1
companion,1
tales,1
beedle,1
bard,1
aid,1
comic,1
design,1
william,1
webb,1
michael,1
wildsmith,1
photograph,1
